string,string,string,string
2025-04-18T16:04:29.689876,https://jp.one-line.com/sites/g/files/lnzjqr1401/files/schedules/2025-04/%E5%8C%97%E7%B1%B3%E8%A5%BF%E5%B2%B8%E8%BC%B8%E5%87%BA%20WK17-21%20%28JAPAN_NAWC%29%20WK22-25%20TO%20BE%20RELEASED%20ON%20May.1st%283%29.pdf,Tokyo,Los Angeles,2025-04-30,04/11 - 04/13,04/30,NYK VIRGO,pending
2025-04-18T16:05:19.461680,https://jp.one-line.com/sites/g/files/lnzjqr1401/files/schedules/2025-04/%E5%8C%97%E7%B1%B3%E8%A5%BF%E5%B2%B8%E8%BC%B8%E5%87%BA%20WK17-21%20%28JAPAN_NAWC%29%20WK22-25%20TO%20BE%20RELEASED%20ON%20May.1st%283%29.pdf,Tokyo,Los Angeles,2025-04-30,04/11 - 04/13,04/30,NYK VIRGO,pending
2025-04-18T16:18:47.190923,https://jp.one-line.com/sites/g/files/lnzjqr1401/files/schedules/2025-04/%E6%9D%B1%E3%82%A2%E3%82%B8%E3%82%A2%E8%BC%B8%E5%87%BA%E2%91%A1%20%28TH_VN_KR_TW_PH%29%20_0418.pdf,Osaka,Singapore,2025-05-09,04/18 - 19,05/07,ARICA BRIDGE,pending
2025-04-18T16:34:19.182382,https://jp.one-line.com/sites/g/files/lnzjqr1401/files/schedules/2025-04/%E5%8C%97%E7%B1%B3%E8%A5%BF%E5%B2%B8%E8%BC%B8%E5%87%BA%20WK17-21%20%28JAPAN_NAWC%29%20WK22-25%20TO%20BE%20RELEASED%20ON%20May.1st%283%29.pdf,Tokyo,Los Angeles,2025-04-30,04/11 - 04/13,04/30,NYK VIRGO,pending
2025-04-18T22:11:27.506727,https://jp.one-line.com/sites/g/files/lnzjqr1401/files/schedules/2025-04/%E5%8C%97%E7%B1%B3%E8%A5%BF%E5%B2%B8%E8%BC%B8%E5%87%BA%20WK17-21%20%28JAPAN_NAWC%29%20WK22-25%20TO%20BE%20RELEASED%20ON%20May.1st%283%29.pdf,Tokyo,Los Angeles,2025-04-30,04/11 - 04/13,04/30,NYK VIRGO,pending
2025-04-18T22:11:38.591005,https://jp.one-line.com/sites/g/files/lnzjqr1401/files/schedules/2025-04/%E5%8C%97%E7%B1%B3%E8%A5%BF%E5%B2%B8%E8%BC%B8%E5%87%BA%20WK17-21%20%28JAPAN_NAWC%29%20WK22-25%20TO%20BE%20RELEASED%20ON%20May.1st%283%29.pdf,Tokyo,Los Angeles,2025-04-30,04/11 - 04/13,04/30,NYK VIRGO,pending
2025-04-18T22:17:54.198134,https://jp.one-line.com/sites/g/files/lnzjqr1401/files/schedules/2025-04/%E5%8C%97%E7%B1%B3%E8%A5%BF%E5%B2%B8%E8%BC%B8%E5%87%BA%20WK17-21%20%28JAPAN_NAWC%29%20WK22-25%20TO%20BE%20RELEASED%20ON%20May.1st%283%29.pdf,Tokyo,Los Angeles,2025-04-30,04/11 - 04/13,04/30,NYK VIRGO,pending
2025-04-18T22:18:05.796428,https://jp.one-line.com/sites/g/files/lnzjqr1401/files/schedules/2025-04/%E5%8C%97%E7%B1%B3%E8%A5%BF%E5%B2%B8%E8%BC%B8%E5%87%BA%20WK17-21%20%28JAPAN_NAWC%29%20WK22-25%20TO%20BE%20RELEASED%20ON%20May.1st%283%29.pdf,Tokyo,Los Angeles,2025-04-30,04/11 - 04/13,04/30,NYK VIRGO,pending
2025-04-18T22:21:15.952725,https://jp.one-line.com/sites/g/files/lnzjqr1401/files/schedules/2025-04/%E5%8C%97%E7%B1%B3%E8%A5%BF%E5%B2%B8%E8%BC%B8%E5%87%BA%20WK17-21%20%28JAPAN_NAWC%29%20WK22-25%20TO%20BE%20RELEASED%20ON%20May.1st%283%29.pdf,Tokyo,Los Angeles,2025-04-30,04/11 - 04/13,04/30,NYK VIRGO,pending
2025-04-18T22:21:28.182379,https://jp.one-line.com/sites/g/files/lnzjqr1401/files/schedules/2025-04/%E5%8C%97%E7%B1%B3%E8%A5%BF%E5%B2%B8%E8%BC%B8%E5%87%BA%20WK17-21%20%28JAPAN_NAWC%29%20WK22-25%20TO%20BE%20RELEASED%20ON%20May.1st%283%29.pdf,Tokyo,Los Angeles,2025-04-30,04/11 - 04/13,04/30,NYK VIRGO,pending
2025-04-18T22:25:10.653932,https://jp.one-line.com/sites/g/files/lnzjqr1401/files/schedules/2025-04/%E5%8C%97%E7%B1%B3%E8%A5%BF%E5%B2%B8%E8%BC%B8%E5%87%BA%20WK17-21%20%28JAPAN_NAWC%29%20WK22-25%20TO%20BE%20RELEASED%20ON%20May.1st%283%29.pdf,Tokyo,Los Angeles,2025-04-30,04/11 - 04/13,04/30,NYK VIRGO,pending
2025-04-18T22:25:22.096389,https://jp.one-line.com/sites/g/files/lnzjqr1401/files/schedules/2025-04/%E5%8C%97%E7%B1%B3%E8%A5%BF%E5%B2%B8%E8%BC%B8%E5%87%BA%20WK17-21%20%28JAPAN_NAWC%29%20WK22-25%20TO%20BE%20RELEASED%20ON%20May.1st%283%29.pdf,Tokyo,Los Angeles,2025-04-30,04/11 - 04/13,04/30,NYK VIRGO,pending
2025-04-18T22:29:08.592630,https://jp.one-line.com/sites/g/files/lnzjqr1401/files/schedules/2025-04/%E5%8C%97%E7%B1%B3%E8%A5%BF%E5%B2%B8%E8%BC%B8%E5%87%BA%20WK17-21%20%28JAPAN_NAWC%29%20WK22-25%20TO%20BE%20RELEASED%20ON%20May.1st%283%29.pdf,Tokyo,Los Angeles,2025-04-30,04/11 - 04/13,04/30,NYK VIRGO,pending
2025-04-18T22:29:21.533843,https://jp.one-line.com/sites/g/files/lnzjqr1401/files/schedules/2025-04/%E5%8C%97%E7%B1%B3%E8%A5%BF%E5%B2%B8%E8%BC%B8%E5%87%BA%20WK17-21%20%28JAPAN_NAWC%29%20WK22-25%20TO%20BE%20RELEASED%20ON%20May.1st%283%29.pdf,Tokyo,Los Angeles,2025-04-30,04/11 - 04/13,04/30,NYK VIRGO,pending
2025-04-18T22:33:52.909571,https://jp.one-line.com/sites/g/files/lnzjqr1401/files/schedules/2025-04/%E5%8C%97%E7%B1%B3%E8%A5%BF%E5%B2%B8%E8%BC%B8%E5%87%BA%20WK17-21%20%28JAPAN_NAWC%29%20WK22-25%20TO%20BE%20RELEASED%20ON%20May.1st%283%29.pdf,Tokyo,Los Angeles,2025-04-30,04/11 - 04/13,04/30,NYK VIRGO,pending
2025-04-18T22:34:05.158628,https://jp.one-line.com/sites/g/files/lnzjqr1401/files/schedules/2025-04/%E5%8C%97%E7%B1%B3%E8%A5%BF%E5%B2%B8%E8%BC%B8%E5%87%BA%20WK17-21%20%28JAPAN_NAWC%29%20WK22-25%20TO%20BE%20RELEASED%20ON%20May.1st%283%29.pdf,Tokyo,Los Angeles,2025-04-30,04/11 - 04/13,04/30,NYK VIRGO,pending
2025-04-18T22:35:27.448695,https://jp.one-line.com/sites/g/files/lnzjqr1401/files/schedules/2025-04/%E5%8C%97%E7%B1%B3%E8%A5%BF%E5%B2%B8%E8%BC%B8%E5%87%BA%20WK17-21%20%28JAPAN_NAWC%29%20WK22-25%20TO%20BE%20RELEASED%20ON%20May.1st%283%29.pdf,Tokyo,Los Angeles,2025-04-30,04/11 - 04/13,04/30,NYK VIRGO,pending
2025-04-18T22:35:39.307585,https://jp.one-line.com/sites/g/files/lnzjqr1401/files/schedules/2025-04/%E5%8C%97%E7%B1%B3%E8%A5%BF%E5%B2%B8%E8%BC%B8%E5%87%BA%20WK17-21%20%28JAPAN_NAWC%29%20WK22-25%20TO%20BE%20RELEASED%20ON%20May.1st%283%29.pdf,Tokyo,Los Angeles,2025-04-30,04/11 - 04/13,04/30,NYK VIRGO,pending
2025-04-18T22:43:14.765717,https://jp.one-line.com/sites/g/files/lnzjqr1401/files/schedules/2025-04/%E5%8C%97%E7%B1%B3%E8%A5%BF%E5%B2%B8%E8%BC%B8%E5%87%BA%20WK17-21%20%28JAPAN_NAWC%29%20WK22-25%20TO%20BE%20RELEASED%20ON%20May.1st%283%29.pdf,Tokyo,Los Angeles,2025-04-30,04/11 - 04/13,04/30,NYK VIRGO,pending
2025-04-18T22:43:26.598907,https://jp.one-line.com/sites/g/files/lnzjqr1401/files/schedules/2025-04/%E5%8C%97%E7%B1%B3%E8%A5%BF%E5%B2%B8%E8%BC%B8%E5%87%BA%20WK17-21%20%28JAPAN_NAWC%29%20WK22-25%20TO%20BE%20RELEASED%20ON%20May.1st%283%29.pdf,Tokyo,Los Angeles,2025-04-30,04/11 - 04/13,04/30,NYK VIRGO,pending
2025-04-18T22:44:16.171402,https://jp.one-line.com/sites/g/files/lnzjqr1401/files/schedules/2025-04/%E5%8C%97%E7%B1%B3%E8%A5%BF%E5%B2%B8%E8%BC%B8%E5%87%BA%20WK17-21%20%28JAPAN_NAWC%29%20WK22-25%20TO%20BE%20RELEASED%20ON%20May.1st%283%29.pdf,Tokyo,Los Angeles,2025-04-30,04/11 - 04/13,04/30,NYK VIRGO,pending
2025-04-18T22:44:28.731222,https://jp.one-line.com/sites/g/files/lnzjqr1401/files/schedules/2025-04/%E5%8C%97%E7%B1%B3%E8%A5%BF%E5%B2%B8%E8%BC%B8%E5%87%BA%20WK17-21%20%28JAPAN_NAWC%29%20WK22-25%20TO%20BE%20RELEASED%20ON%20May.1st%283%29.pdf,Tokyo,Los Angeles,2025-04-30,04/11 - 04/13,04/30,NYK VIRGO,pending
2025-04-18T22:49:42.215951,https://jp.one-line.com/sites/g/files/lnzjqr1401/files/schedules/2025-04/%E5%8C%97%E7%B1%B3%E8%A5%BF%E5%B2%B8%E8%BC%B8%E5%87%BA%20WK17-21%20%28JAPAN_NAWC%29%20WK22-25%20TO%20BE%20RELEASED%20ON%20May.1st%283%29.pdf,Tokyo,Los Angeles,2025-04-30,04/11 - 04/13,04/30,NYK VIRGO,pending
2025-04-18T22:49:54.008470,https://jp.one-line.com/sites/g/files/lnzjqr1401/files/schedules/2025-04/%E5%8C%97%E7%B1%B3%E8%A5%BF%E5%B2%B8%E8%BC%B8%E5%87%BA%20WK17-21%20%28JAPAN_NAWC%29%20WK22-25%20TO%20BE%20RELEASED%20ON%20May.1st%283%29.pdf,Tokyo,Los Angeles,2025-04-30,04/11 - 04/13,04/30,NYK VIRGO,pending
2025-04-18T22:57:11.569272,https://jp.one-line.com/sites/g/files/lnzjqr1401/files/schedules/2025-04/%E5%8C%97%E7%B1%B3%E8%A5%BF%E5%B2%B8%E8%BC%B8%E5%87%BA%20WK17-21%20%28JAPAN_NAWC%29%20WK22-25%20TO%20BE%20RELEASED%20ON%20May.1st%283%29.pdf,Tokyo,Los Angeles,2025-04-30,04/11 - 04/13,04/30,NYK VIRGO,pending
2025-04-18T22:57:24.600607,https://jp.one-line.com/sites/g/files/lnzjqr1401/files/schedules/2025-04/%E5%8C%97%E7%B1%B3%E8%A5%BF%E5%B2%B8%E8%BC%B8%E5%87%BA%20WK17-21%20%28JAPAN_NAWC%29%20WK22-25%20TO%20BE%20RELEASED%20ON%20May.1st%283%29.pdf,Tokyo,Los Angeles,2025-04-30,04/11 - 04/13,04/30,NYK VIRGO,pending
2025-04-18T23:49:19.666703,https://jp.one-line.com/sites/g/files/lnzjqr1401/files/schedules/2025-04/%E5%8C%97%E7%B1%B3%E8%A5%BF%E5%B2%B8%E8%BC%B8%E5%87%BA%20WK17-21%20%28JAPAN_NAWC%29%20WK22-25%20TO%20BE%20RELEASED%20ON%20May.1st%283%29.pdf,Tokyo,Los Angeles,2025-04-30,04/11 - 04/13,04/30,NYK VIRGO,pending
2025-04-18T23:49:32.437060,https://jp.one-line.com/sites/g/files/lnzjqr1401/files/schedules/2025-04/%E5%8C%97%E7%B1%B3%E8%A5%BF%E5%B2%B8%E8%BC%B8%E5%87%BA%20WK17-21%20%28JAPAN_NAWC%29%20WK22-25%20TO%20BE%20RELEASED%20ON%20May.1st%283%29.pdf,Tokyo,Los Angeles,2025-04-30,04/11 - 04/13,04/30,NYK VIRGO,pending
2025-04-19T00:01:08.468630,https://jp.one-line.com/sites/g/files/lnzjqr1401/files/schedules/2025-04/%E5%8C%97%E7%B1%B3%E8%A5%BF%E5%B2%B8%E8%BC%B8%E5%87%BA%20WK17-21%20%28JAPAN_NAWC%29%20WK22-25%20TO%20BE%20RELEASED%20ON%20May.1st%283%29.pdf,Tokyo,Los Angeles,2025-04-30,04/11 - 04/13,04/30,NYK VIRGO,pending
2025-04-19T00:01:21.035359,https://jp.one-line.com/sites/g/files/lnzjqr1401/files/schedules/2025-04/%E5%8C%97%E7%B1%B3%E8%A5%BF%E5%B2%B8%E8%BC%B8%E5%87%BA%20WK17-21%20%28JAPAN_NAWC%29%20WK22-25%20TO%20BE%20RELEASED%20ON%20May.1st%283%29.pdf,Tokyo,Los Angeles,2025-04-30,04/14 - 04/15,04/30,NYK VIRGO,pending
2025-04-19T00:05:26.846572,https://jp.one-line.com/sites/g/files/lnzjqr1401/files/schedules/2025-04/%E5%8C%97%E7%B1%B3%E8%A5%BF%E5%B2%B8%E8%BC%B8%E5%87%BA%20WK17-21%20%28JAPAN_NAWC%29%20WK22-25%20TO%20BE%20RELEASED%20ON%20May.1st%283%29.pdf,Tokyo,Los Angeles,2025-04-30,04/11 - 04/13,04/30,NYK VIRGO,pending
2025-04-19T00:05:39.444587,https://jp.one-line.com/sites/g/files/lnzjqr1401/files/schedules/2025-04/%E5%8C%97%E7%B1%B3%E8%A5%BF%E5%B2%B8%E8%BC%B8%E5%87%BA%20WK17-21%20%28JAPAN_NAWC%29%20WK22-25%20TO%20BE%20RELEASED%20ON%20May.1st%283%29.pdf,Tokyo,Los Angeles,2025-04-30,04/11 - 04/13,04/30,NYK VIRGO,pending
2025-04-19T00:06:05.653293,https://jp.one-line.com/sites/g/files/lnzjqr1401/files/schedules/2025-04/%E5%8C%97%E7%B1%B3%E8%A5%BF%E5%B2%B8%E8%BC%B8%E5%87%BA%20WK17-21%20%28JAPAN_NAWC%29%20WK22-25%20TO%20BE%20RELEASED%20ON%20May.1st%283%29.pdf,Tokyo,Los Angeles,2025-04-30,04/11 - 04/13,04/30,NYK VIRGO,pending
2025-04-19T00:06:18.524975,https://jp.one-line.com/sites/g/files/lnzjqr1401/files/schedules/2025-04/%E5%8C%97%E7%B1%B3%E8%A5%BF%E5%B2%B8%E8%BC%B8%E5%87%BA%20WK17-21%20%28JAPAN_NAWC%29%20WK22-25%20TO%20BE%20RELEASED%20ON%20May.1st%283%29.pdf,Tokyo,Los Angeles,2025-04-30,04/11 - 04/13,04/30,NYK VIRGO,pending
2025-04-19T00:09:37.590782,https://jp.one-line.com/sites/g/files/lnzjqr1401/files/schedules/2025-04/%E5%8C%97%E7%B1%B3%E8%A5%BF%E5%B2%B8%E8%BC%B8%E5%87%BA%20WK17-21%20%28JAPAN_NAWC%29%20WK22-25%20TO%20BE%20RELEASED%20ON%20May.1st%283%29.pdf,Tokyo,Los Angeles,2025-04-30,04/11 - 04/13,04/30,NYK VIRGO,pending
2025-04-19T00:09:49.988530,https://jp.one-line.com/sites/g/files/lnzjqr1401/files/schedules/2025-04/%E5%8C%97%E7%B1%B3%E8%A5%BF%E5%B2%B8%E8%BC%B8%E5%87%BA%20WK17-21%20%28JAPAN_NAWC%29%20WK22-25%20TO%20BE%20RELEASED%20ON%20May.1st%283%29.pdf,Tokyo,Los Angeles,2025-04-30,04/11 - 04/13,04/30,NYK VIRGO,pending
2025-04-19T00:17:29.970532,https://jp.one-line.com/sites/g/files/lnzjqr1401/files/schedules/2025-04/%E5%8C%97%E7%B1%B3%E8%A5%BF%E5%B2%B8%E8%BC%B8%E5%87%BA%20WK17-21%20%28JAPAN_NAWC%29%20WK22-25%20TO%20BE%20RELEASED%20ON%20May.1st%283%29.pdf,Tokyo,Los Angeles,2025-04-30,04/11 - 04/13,04/30,NYK VIRGO,pending
2025-04-19T00:17:41.925760,https://jp.one-line.com/sites/g/files/lnzjqr1401/files/schedules/2025-04/%E5%8C%97%E7%B1%B3%E8%A5%BF%E5%B2%B8%E8%BC%B8%E5%87%BA%20WK17-21%20%28JAPAN_NAWC%29%20WK22-25%20TO%20BE%20RELEASED%20ON%20May.1st%283%29.pdf,Tokyo,Los Angeles,2025-04-30,04/11 - 04/13,04/30,NYK VIRGO,pending
2025-04-19T00:25:55.638700,https://jp.one-line.com/sites/g/files/lnzjqr1401/files/schedules/2025-04/%E5%8C%97%E7%B1%B3%E8%A5%BF%E5%B2%B8%E8%BC%B8%E5%87%BA%20WK17-21%20%28JAPAN_NAWC%29%20WK22-25%20TO%20BE%20RELEASED%20ON%20May.1st%283%29.pdf,Tokyo,Los Angeles,2025-04-30,04/11 - 04/13,04/30,NYK VIRGO,pending
2025-04-19T00:26:07.819787,https://jp.one-line.com/sites/g/files/lnzjqr1401/files/schedules/2025-04/%E5%8C%97%E7%B1%B3%E8%A5%BF%E5%B2%B8%E8%BC%B8%E5%87%BA%20WK17-21%20%28JAPAN_NAWC%29%20WK22-25%20TO%20BE%20RELEASED%20ON%20May.1st%283%29.pdf,Tokyo,Los Angeles,2025-04-30,04/11 - 04/13,04/30,NYK VIRGO,pending
2025-04-19T00:30:41.978071,https://jp.one-line.com/sites/g/files/lnzjqr1401/files/schedules/2025-04/%E5%8C%97%E7%B1%B3%E8%A5%BF%E5%B2%B8%E8%BC%B8%E5%87%BA%20WK17-21%20%28JAPAN_NAWC%29%20WK22-25%20TO%20BE%20RELEASED%20ON%20May.1st%283%29.pdf,Tokyo,Los Angeles,2025-04-30,04/11 - 04/13,04/30,NYK VIRGO,pending
2025-04-19T00:30:54.145586,https://jp.one-line.com/sites/g/files/lnzjqr1401/files/schedules/2025-04/%E5%8C%97%E7%B1%B3%E8%A5%BF%E5%B2%B8%E8%BC%B8%E5%87%BA%20WK17-21%20%28JAPAN_NAWC%29%20WK22-25%20TO%20BE%20RELEASED%20ON%20May.1st%283%29.pdf,Tokyo,Los Angeles,2025-04-30,04/11 - 04/13,04/30,NYK VIRGO,pending
2025-04-19T00:40:15.737133,https://jp.one-line.com/sites/g/files/lnzjqr1401/files/schedules/2025-04/%E5%8C%97%E7%B1%B3%E8%A5%BF%E5%B2%B8%E8%BC%B8%E5%87%BA%20WK17-21%20%28JAPAN_NAWC%29%20WK22-25%20TO%20BE%20RELEASED%20ON%20May.1st%283%29.pdf,Tokyo,Los Angeles,2025-04-30,04/11 - 04/13,04/30,NYK VIRGO,pending
2025-04-19T00:40:28.190778,https://jp.one-line.com/sites/g/files/lnzjqr1401/files/schedules/2025-04/%E5%8C%97%E7%B1%B3%E8%A5%BF%E5%B2%B8%E8%BC%B8%E5%87%BA%20WK17-21%20%28JAPAN_NAWC%29%20WK22-25%20TO%20BE%20RELEASED%20ON%20May.1st%283%29.pdf,Tokyo,Los Angeles,2025-04-30,04/18,04/30,NYK VIRGO,pending
2025-04-19T00:42:39.529760,https://jp.one-line.com/sites/g/files/lnzjqr1401/files/schedules/2025-04/%E5%8C%97%E7%B1%B3%E8%A5%BF%E5%B2%B8%E8%BC%B8%E5%87%BA%20WK17-21%20%28JAPAN_NAWC%29%20WK22-25%20TO%20BE%20RELEASED%20ON%20May.1st%283%29.pdf,Tokyo,Los Angeles,2025-04-30,04/11 - 04/13,04/30,NYK VIRGO,pending
2025-04-19T00:42:51.392718,https://jp.one-line.com/sites/g/files/lnzjqr1401/files/schedules/2025-04/%E5%8C%97%E7%B1%B3%E8%A5%BF%E5%B2%B8%E8%BC%B8%E5%87%BA%20WK17-21%20%28JAPAN_NAWC%29%20WK22-25%20TO%20BE%20RELEASED%20ON%20May.1st%283%29.pdf,Tokyo,Los Angeles,2025-04-30,04/11 - 04/13,04/30,NYK VIRGO,pending
2025-04-19T00:44:13.888106,https://jp.one-line.com/sites/g/files/lnzjqr1401/files/schedules/2025-04/%E5%8C%97%E7%B1%B3%E8%A5%BF%E5%B2%B8%E8%BC%B8%E5%87%BA%20WK17-21%20%28JAPAN_NAWC%29%20WK22-25%20TO%20BE%20RELEASED%20ON%20May.1st%283%29.pdf,Tokyo,Los Angeles,2025-04-30,04/11 - 04/13,04/30,NYK VIRGO,pending
2025-04-19T00:44:26.126808,https://jp.one-line.com/sites/g/files/lnzjqr1401/files/schedules/2025-04/%E5%8C%97%E7%B1%B3%E8%A5%BF%E5%B2%B8%E8%BC%B8%E5%87%BA%20WK17-21%20%28JAPAN_NAWC%29%20WK22-25%20TO%20BE%20RELEASED%20ON%20May.1st%283%29.pdf,Tokyo,Los Angeles,2025-04-30,04/11 - 04/13,04/30,NYK VIRGO,pending
2025-04-19T00:50:12.233027,https://jp.one-line.com/sites/g/files/lnzjqr1401/files/schedules/2025-04/%E5%8C%97%E7%B1%B3%E8%A5%BF%E5%B2%B8%E8%BC%B8%E5%87%BA%20WK17-21%20%28JAPAN_NAWC%29%20WK22-25%20TO%20BE%20RELEASED%20ON%20May.1st%283%29.pdf,Tokyo,Los Angeles,2025-04-30,04/11 - 04/13,04/30,NYK VIRGO,pending
2025-04-19T00:50:24.505389,https://jp.one-line.com/sites/g/files/lnzjqr1401/files/schedules/2025-04/%E5%8C%97%E7%B1%B3%E8%A5%BF%E5%B2%B8%E8%BC%B8%E5%87%BA%20WK17-21%20%28JAPAN_NAWC%29%20WK22-25%20TO%20BE%20RELEASED%20ON%20May.1st%283%29.pdf,Tokyo,Los Angeles,2025-04-30,04/30,05/06,NYK VIRGO,pending
2025-04-19T00:55:02.334066,https://jp.one-line.com/sites/g/files/lnzjqr1401/files/schedules/2025-04/%E5%8C%97%E7%B1%B3%E8%A5%BF%E5%B2%B8%E8%BC%B8%E5%87%BA%20WK17-21%20%28JAPAN_NAWC%29%20WK22-25%20TO%20BE%20RELEASED%20ON%20May.1st%283%29.pdf,Tokyo,Los Angeles,2025-04-30,04/17 - 04/18,04/30,NYK VIRGO,pending
2025-04-19T00:55:16.922171,https://jp.one-line.com/sites/g/files/lnzjqr1401/files/schedules/2025-04/%E5%8C%97%E7%B1%B3%E8%A5%BF%E5%B2%B8%E8%BC%B8%E5%87%BA%20WK17-21%20%28JAPAN_NAWC%29%20WK22-25%20TO%20BE%20RELEASED%20ON%20May.1st%283%29.pdf,Tokyo,Los Angeles,2025-04-30,04/11 - 04/13,04/30,NYK VIRGO,pending
2025-04-19T01:00:35.306354,https://jp.one-line.com/sites/g/files/lnzjqr1401/files/schedules/2025-04/%E5%8C%97%E7%B1%B3%E8%A5%BF%E5%B2%B8%E8%BC%B8%E5%87%BA%20WK17-21%20%28JAPAN_NAWC%29%20WK22-25%20TO%20BE%20RELEASED%20ON%20May.1st%283%29.pdf,Tokyo,Los Angeles,2025-04-30,04/11 - 04/13,04/30,NYK VIRGO,pending
2025-04-19T01:00:47.565547,https://jp.one-line.com/sites/g/files/lnzjqr1401/files/schedules/2025-04/%E5%8C%97%E7%B1%B3%E8%A5%BF%E5%B2%B8%E8%BC%B8%E5%87%BA%20WK17-21%20%28JAPAN_NAWC%29%20WK22-25%20TO%20BE%20RELEASED%20ON%20May.1st%283%29.pdf,Tokyo,Los Angeles,2025-04-30,04/11 - 04/13,04/30,NYK VIRGO,pending
2025-04-19T01:10:38.310527,https://jp.one-line.com/sites/g/files/lnzjqr1401/files/schedules/2025-04/%E5%8C%97%E7%B1%B3%E8%A5%BF%E5%B2%B8%E8%BC%B8%E5%87%BA%20WK17-21%20%28JAPAN_NAWC%29%20WK22-25%20TO%20BE%20RELEASED%20ON%20May.1st%283%29.pdf,Tokyo,Los Angeles,2025-04-30,04/11 - 04/13,04/30,NYK VIRGO,pending
2025-04-19T01:10:57.525058,https://jp.one-line.com/sites/g/files/lnzjqr1401/files/schedules/2025-04/%E5%8C%97%E7%B1%B3%E8%A5%BF%E5%B2%B8%E8%BC%B8%E5%87%BA%20WK17-21%20%28JAPAN_NAWC%29%20WK22-25%20TO%20BE%20RELEASED%20ON%20May.1st%283%29.pdf,Tokyo,Los Angeles,2025-04-30,04/11 - 04/13,04/30,NYK VIRGO,pending
2025-04-19T01:15:51.181689,https://jp.one-line.com/sites/g/files/lnzjqr1401/files/schedules/2025-04/%E5%8C%97%E7%B1%B3%E8%A5%BF%E5%B2%B8%E8%BC%B8%E5%87%BA%20WK17-21%20%28JAPAN_NAWC%29%20WK22-25%20TO%20BE%20RELEASED%20ON%20May.1st%283%29.pdf,Tokyo,Los Angeles,2025-04-30,04/11 - 04/13,04/30,NYK VIRGO,pending
2025-04-19T01:16:02.437892,https://jp.one-line.com/sites/g/files/lnzjqr1401/files/schedules/2025-04/%E5%8C%97%E7%B1%B3%E8%A5%BF%E5%B2%B8%E8%BC%B8%E5%87%BA%20WK17-21%20%28JAPAN_NAWC%29%20WK22-25%20TO%20BE%20RELEASED%20ON%20May.1st%283%29.pdf,Tokyo,Los Angeles,2025-04-30,04/11 - 04/13,04/30,NYK VIRGO,pending
2025-04-19T01:16:59.397994,https://jp.one-line.com/sites/g/files/lnzjqr1401/files/schedules/2025-04/%E5%8C%97%E7%B1%B3%E8%A5%BF%E5%B2%B8%E8%BC%B8%E5%87%BA%20WK17-21%20%28JAPAN_NAWC%29%20WK22-25%20TO%20BE%20RELEASED%20ON%20May.1st%283%29.pdf,Tokyo,Los Angeles,2025-04-30,04/11 - 04/13,04/30,NYK VIRGO,pending
2025-04-19T01:17:11.711090,https://jp.one-line.com/sites/g/files/lnzjqr1401/files/schedules/2025-04/%E5%8C%97%E7%B1%B3%E8%A5%BF%E5%B2%B8%E8%BC%B8%E5%87%BA%20WK17-21%20%28JAPAN_NAWC%29%20WK22-25%20TO%20BE%20RELEASED%20ON%20May.1st%283%29.pdf,Tokyo,Los Angeles,2025-04-30,04/11 - 04/13,04/30,NYK VIRGO,pending
2025-04-19T01:22:20.184113,https://jp.one-line.com/sites/g/files/lnzjqr1401/files/schedules/2025-04/%E5%8C%97%E7%B1%B3%E8%A5%BF%E5%B2%B8%E8%BC%B8%E5%87%BA%20WK17-21%20%28JAPAN_NAWC%29%20WK22-25%20TO%20BE%20RELEASED%20ON%20May.1st%283%29.pdf,Tokyo,Los Angeles,2025-04-30,04/11 - 04/13,04/30,NYK VIRGO,pending
2025-04-19T01:22:32.437828,https://jp.one-line.com/sites/g/files/lnzjqr1401/files/schedules/2025-04/%E5%8C%97%E7%B1%B3%E8%A5%BF%E5%B2%B8%E8%BC%B8%E5%87%BA%20WK17-21%20%28JAPAN_NAWC%29%20WK22-25%20TO%20BE%20RELEASED%20ON%20May.1st%283%29.pdf,Tokyo,Los Angeles,2025-04-30,04/11 - 04/13,04/30,NYK VIRGO,pending
2025-04-19T10:42:43.302662,https://jp.one-line.com/sites/g/files/lnzjqr1401/files/schedules/2025-04/%E5%8C%97%E7%B1%B3%E8%A5%BF%E5%B2%B8%E8%BC%B8%E5%87%BA%20WK17-21%20%28JAPAN_NAWC%29%20WK22-25%20TO%20BE%20RELEASED%20ON%20May.1st%283%29.pdf,Tokyo,Los Angeles,2025-04-30,04/11 - 04/13,04/30,NYK VIRGO,pending
2025-04-19T10:42:54.479648,https://jp.one-line.com/sites/g/files/lnzjqr1401/files/schedules/2025-04/%E5%8C%97%E7%B1%B3%E8%A5%BF%E5%B2%B8%E8%BC%B8%E5%87%BA%20WK17-21%20%28JAPAN_NAWC%29%20WK22-25%20TO%20BE%20RELEASED%20ON%20May.1st%283%29.pdf,Tokyo,Los Angeles,2025-04-30,04/11 - 04/13,04/30,NYK VIRGO,pending
2025-04-19T10:49:24.879675,https://jp.one-line.com/sites/g/files/lnzjqr1401/files/schedules/2025-04/%E5%8C%97%E7%B1%B3%E8%A5%BF%E5%B2%B8%E8%BC%B8%E5%87%BA%20WK17-21%20%28JAPAN_NAWC%29%20WK22-25%20TO%20BE%20RELEASED%20ON%20May.1st%283%29.pdf,Tokyo,Los Angeles,2025-04-30,04/28 - 04/29,05/06,NYK VIRGO,pending
2025-04-19T10:49:36.716111,https://jp.one-line.com/sites/g/files/lnzjqr1401/files/schedules/2025-04/%E5%8C%97%E7%B1%B3%E8%A5%BF%E5%B2%B8%E8%BC%B8%E5%87%BA%20WK17-21%20%28JAPAN_NAWC%29%20WK22-25%20TO%20BE%20RELEASED%20ON%20May.1st%283%29.pdf,Tokyo,Los Angeles,2025-04-30,04/11 - 04/13,04/30,NYK VIRGO,pending
2025-04-19T10:51:10.929705,https://jp.one-line.com/sites/g/files/lnzjqr1401/files/schedules/2025-04/%E5%8C%97%E7%B1%B3%E8%A5%BF%E5%B2%B8%E8%BC%B8%E5%87%BA%20WK17-21%20%28JAPAN_NAWC%29%20WK22-25%20TO%20BE%20RELEASED%20ON%20May.1st%283%29.pdf,Tokyo,Los Angeles,2025-04-30,04/11 - 04/13,04/30,NYK VIRGO,pending
2025-04-19T10:51:22.204227,https://jp.one-line.com/sites/g/files/lnzjqr1401/files/schedules/2025-04/%E5%8C%97%E7%B1%B3%E8%A5%BF%E5%B2%B8%E8%BC%B8%E5%87%BA%20WK17-21%20%28JAPAN_NAWC%29%20WK22-25%20TO%20BE%20RELEASED%20ON%20May.1st%283%29.pdf,Tokyo,Los Angeles,2025-04-30,04/11 - 04/13,04/30,NYK VIRGO,pending
2025-04-19T10:54:11.020722,https://jp.one-line.com/sites/g/files/lnzjqr1401/files/schedules/2025-04/%E5%8C%97%E7%B1%B3%E8%A5%BF%E5%B2%B8%E8%BC%B8%E5%87%BA%20WK17-21%20%28JAPAN_NAWC%29%20WK22-25%20TO%20BE%20RELEASED%20ON%20May.1st%283%29.pdf,Tokyo,Los Angeles,2025-04-30,04/11 - 04/13,04/30,NYK VIRGO,pending
2025-04-19T10:54:21.965154,https://jp.one-line.com/sites/g/files/lnzjqr1401/files/schedules/2025-04/%E5%8C%97%E7%B1%B3%E8%A5%BF%E5%B2%B8%E8%BC%B8%E5%87%BA%20WK17-21%20%28JAPAN_NAWC%29%20WK22-25%20TO%20BE%20RELEASED%20ON%20May.1st%283%29.pdf,Tokyo,Los Angeles,2025-04-30,04/11 - 04/13,04/30,NYK VIRGO,pending
2025-04-19T11:01:54.096283,https://jp.one-line.com/sites/g/files/lnzjqr1401/files/schedules/2025-04/%E5%8C%97%E7%B1%B3%E8%A5%BF%E5%B2%B8%E8%BC%B8%E5%87%BA%20WK17-21%20%28JAPAN_NAWC%29%20WK22-25%20TO%20BE%20RELEASED%20ON%20May.1st%283%29.pdf,Tokyo,Los Angeles,2025-04-30,04/11 - 04/13,04/30,NYK VIRGO,pending
2025-04-19T11:02:04.692136,https://world.lines.coscoshipping.com/statics/sites/main/local/japan/jp/services/localschedule/Documents/輸出　北米・南米・豪州・地中海/EXP_USA.pdf,Tokyo,Los Angeles,2025-04-30,5/2,5/21,ONE HOUSTON,pending
2025-04-19T11:02:11.690406,https://jp.one-line.com/sites/g/files/lnzjqr1401/files/schedules/2025-04/%E5%8C%97%E7%B1%B3%E8%A5%BF%E5%B2%B8%E8%BC%B8%E5%87%BA%20WK17-21%20%28JAPAN_NAWC%29%20WK22-25%20TO%20BE%20RELEASED%20ON%20May.1st%283%29.pdf,Tokyo,Los Angeles,2025-04-30,04/11 - 04/13,04/30,NYK VIRGO,pending
2025-04-19T11:12:43.740692,https://jp.one-line.com/sites/g/files/lnzjqr1401/files/schedules/2025-04/%E5%8C%97%E7%B1%B3%E8%A5%BF%E5%B2%B8%E8%BC%B8%E5%87%BA%20WK17-21%20%28JAPAN_NAWC%29%20WK22-25%20TO%20BE%20RELEASED%20ON%20May.1st%283%29.pdf,Tokyo,Los Angeles,2025-04-30,04/11 - 04/13,04/30,NYK VIRGO,pending
2025-04-19T11:12:54.631716,https://world.lines.coscoshipping.com/statics/sites/main/local/japan/jp/services/localschedule/Documents/輸出　北米・南米・豪州・地中海/EXP_USA.pdf,Tokyo,Los Angeles,2025-04-30,4/25,5/1,NYK VEGA,pending
2025-04-19T11:13:01.964538,https://jp.one-line.com/sites/g/files/lnzjqr1401/files/schedules/2025-04/%E5%8C%97%E7%B1%B3%E8%A5%BF%E5%B2%B8%E8%BC%B8%E5%87%BA%20WK17-21%20%28JAPAN_NAWC%29%20WK22-25%20TO%20BE%20RELEASED%20ON%20May.1st%283%29.pdf,Tokyo,Los Angeles,2025-04-30,04/11 - 04/13,04/30,NYK VIRGO,pending
2025-04-19T21:07:29.431814,https://jp.one-line.com/sites/g/files/lnzjqr1401/files/schedules/2025-04/%E5%8C%97%E6%AC%A7%E5%B7%9E%E8%BC%B8%E5%87%BA%28JAPAN_NE%29_20250410_0.pdf,Tokyo,London,2025-05-15,04/14 - 04/15,05/15,NYK ORION,pending
2025-04-19T21:08:17.667997,https://world.lines.coscoshipping.com/statics/sites/main/local/japan/jp/services/localschedule/Documents/輸出　北米・南米・豪州・地中海/EXP_EU.pdf,Tokyo,London,2025-05-15,4/28,5/16,MATOYA BAY,pending
2025-04-19T21:08:29.082117,https://jp.one-line.com/sites/g/files/lnzjqr1401/files/schedules/2025-04/%E5%8C%97%E6%AC%A7%E5%B7%9E%E8%BC%B8%E5%87%BA%28JAPAN_NE%29_20250410_0.pdf,Tokyo,London,2025-05-15,04/14 - 04/15,05/15,NYK ORION,pending
2025-04-19T21:09:27.221527,https://jp.one-line.com/sites/g/files/lnzjqr1401/files/schedules/2025-04/%E3%82%AA%E3%82%BB%E3%82%A2%E3%83%8B%E3%82%A2%E8%BC%B8%E5%87%BA%EF%BC%88JAPAN_OCEANIA%29_2504016.pdf,Tokyo,Sydney,2025-05-15,04/13 - 04/14,05/15,ONE HONOLULU,pending
2025-04-19T21:09:43.001366,https://world.lines.coscoshipping.com/statics/sites/main/local/japan/jp/services/localschedule/Documents/輸出　北米・南米・豪州・地中海/EXP_AUS.pdf,Tokyo,Sydney,2025-05-15,5/15,6/1,JINYUNHE,pending
2025-04-19T21:09:51.578566,https://jp.one-line.com/sites/g/files/lnzjqr1401/files/schedules/2025-04/%E3%82%AA%E3%82%BB%E3%82%A2%E3%83%8B%E3%82%A2%E8%BC%B8%E5%87%BA%EF%BC%88JAPAN_OCEANIA%29_2504016.pdf,Tokyo,Sydney,2025-05-15,04/13-04/14,05/15,ONE HONOLULU,pending
2025-04-19T21:14:40.248733,https://jp.one-line.com/sites/g/files/lnzjqr1401/files/schedules/2025-04/%E3%82%AA%E3%82%BB%E3%82%A2%E3%83%8B%E3%82%A2%E8%BC%B8%E5%87%BA%EF%BC%88JAPAN_OCEANIA%29_2504016.pdf,Tokyo,Sydney,2025-05-15,04/13 - 14,05/15,ONE HONOLULU,pending
2025-04-19T21:14:54.655680,https://world.lines.coscoshipping.com/statics/sites/main/local/japan/jp/services/localschedule/Documents/輸出　北米・南米・豪州・地中海/EXP_AUS.pdf,Tokyo,Sydney,2025-05-15,5/14 - 5/15,5/19,CMA CGM FIORDLAND,pending
2025-04-19T21:15:00.685784,https://www.shipmentlink.com/jp/tvs2/local_file/jptyo/JPTYO_OA10T02.pdf,Tokyo,Sydney,2025-05-15,May-12,May-15,WIDE JULIET,pending
2025-04-19T21:15:46.440702,https://jp.one-line.com/sites/g/files/lnzjqr1401/files/schedules/2025-04/%E5%8C%97%E7%B1%B3%E6%9D%B1%E5%B2%B8%E8%BC%B8%E5%87%BA%20WK17-21%20%28JAPAN_NAEC%29%20WK22-25%20TO%20BE%20RELEASED%20ON%20May.1st%20%2810%29.pdf,Kobe,New York,2025-05-30,05/05 - 05/07,06/08,ONE MONACO,pending
2025-04-19T21:15:56.400908,https://world.lines.coscoshipping.com/statics/sites/main/local/japan/jp/services/localschedule/Documents/輸出　北米・南米・豪州・地中海/EXP_USA.pdf,Kobe,New York,2025-05-30,5/2,6/1,ONE HOUSTON,pending
2025-04-21T01:12:48.109143,https://jp.one-line.com/sites/g/files/lnzjqr1401/files/schedules/2025-04/%E5%8C%97%E7%B1%B3%E8%A5%BF%E5%B2%B8%E8%BC%B8%E5%87%BA%20WK17-21%20%28JAPAN_NAWC%29%20WK22-25%20TO%20BE%20RELEASED%20ON%20May.1st%283%29.pdf,Tokyo,Los Angeles,2025-04-30,04/11 - 04/13,04/30,NYK VIRGO,pending
2025-04-21T01:13:01.571929,https://world.lines.coscoshipping.com/statics/sites/main/local/japan/jp/services/localschedule/Documents/輸出　北米・南米・豪州・地中海/EXP_USA.pdf,Tokyo,Los Angeles,2025-04-30,04/30,05/02,QING YUN HE,pending
2025-04-21T01:13:07.006319,https://www.shipmentlink.com/jp/tvs2/local_file/jptyo/JPTYO_OA01T06.pdf,Tokyo,Los Angeles,2025-04-30,04/21,05/02,NYK VIRGO,pending
2025-04-21T01:13:37.700637,https://jp.one-line.com/sites/g/files/lnzjqr1401/files/schedules/2025-04/%E5%8C%97%E7%B1%B3%E6%9D%B1%E5%B2%B8%E8%BC%B8%E5%87%BA%20WK17-21%20%28JAPAN_NAEC%29%20WK22-25%20TO%20BE%20RELEASED%20ON%20May.1st%20%2810%29.pdf,Tokyo,New York,2025-05-15,05/13,05/15 - 05/16,YM TRILLION,pending
2025-04-21T01:13:47.484419,https://world.lines.coscoshipping.com/statics/sites/main/local/japan/jp/services/localschedule/Documents/輸出　北米・南米・豪州・地中海/EXP_USA.pdf,Tokyo,New York,2025-05-15,5/5,5/15,HECAN,pending
2025-04-21T01:13:52.801385,https://www.shipmentlink.com/jp/tvs2/local_file/jptyo/JPTYO_OA01T03.pdf,Tokyo,New York,2025-05-15,May-05 - May-06,Jun-09,EVER STEADY,pending
2025-04-21T08:55:04.843176,https://jp.one-line.com/sites/g/files/lnzjqr1401/files/schedules/2025-04/%E5%8C%97%E7%B1%B3%E8%A5%BF%E5%B2%B8%E8%BC%B8%E5%87%BA%20WK17-21%20%28JAPAN_NAWC%29%20WK22-25%20TO%20BE%20RELEASED%20ON%20May.1st%283%29.pdf,Tokyo,Los Angeles,2025-04-30,04/11 - 04/13,04/30,NYK VIRGO,pending
2025-04-21T08:55:09.575044,https://www.shipmentlink.com/jp/tvs2/local_file/jptyo/JPTYO_OA01T06.pdf,Tokyo,Los Angeles,2025-04-30,04/29,05/11,NYK OCEANUS,pending
2025-04-21T08:55:51.821125,https://jp.one-line.com/sites/g/files/lnzjqr1401/files/schedules/2025-04/%E5%8C%97%E6%AC%A7%E5%B7%9E%E8%BC%B8%E5%87%BA%28JAPAN_NE%29_20250410_0.pdf,Tokyo,London,2025-05-15,04/06 - 04/07,05/15,NYK ORION,pending
2025-04-21T08:55:56.657670,https://www.shipmentlink.com/jp/tvs2/local_file/jptyo/JPTYO_OA04T02.pdf,Tokyo,London,2025-05-15,May-13,Jun-10,CMA CGM SORBONNE,pending
2025-04-21T09:00:46.188285,https://jp.one-line.com/sites/g/files/lnzjqr1401/files/schedules/2025-04/%E5%8C%97%E6%AC%A7%E5%B7%9E%E8%BC%B8%E5%87%BA%28JAPAN_NE%29_20250410_0.pdf,Tokyo,London,2025-05-15,04/14 - 04/15,05/15,NYK ORION,pending
2025-04-21T09:00:54.736308,https://www.shipmentlink.com/jp/tvs2/local_file/jptyo/JPTYO_OA04T02.pdf,Tokyo,London,2025-05-15,05/13,06/10,CMA CGM SORBONNE,pending
2025-04-21T09:05:14.200120,https://jp.one-line.com/sites/g/files/lnzjqr1401/files/schedules/2025-04/%E5%8C%97%E6%AC%A7%E5%B7%9E%E8%BC%B8%E5%87%BA%28JAPAN_NE%29_20250410_0.pdf,Tokyo,London,2025-05-15,04/01 - 04/15,05/15,NYK ORION,pending
2025-04-21T09:05:22.403684,https://www.shipmentlink.com/jp/tvs2/local_file/jptyo/JPTYO_OA04T02.pdf,Tokyo,London,2025-05-15,05/15,06/15,EVER ALP,pending
2025-04-21T09:06:38.908080,https://jp.one-line.com/sites/g/files/lnzjqr1401/files/schedules/2025-04/%E5%8C%97%E7%B1%B3%E8%A5%BF%E5%B2%B8%E8%BC%B8%E5%87%BA%20WK17-21%20%28JAPAN_NAWC%29%20WK22-25%20TO%20BE%20RELEASED%20ON%20May.1st%283%29.pdf,Tokyo,Los Angeles,2025-05-15,04/25 - 04/27,05/14,NYK VEGA,pending
2025-04-21T09:06:47.105085,https://www.shipmentlink.com/jp/tvs2/local_file/jptyo/JPTYO_OA01T06.pdf,Tokyo,Los Angeles,2025-05-15,05/16,05/22,NYK VEGA,pending
2025-04-21T09:09:11.799560,https://jp.one-line.com/sites/g/files/lnzjqr1401/files/schedules/2025-04/%E5%8C%97%E7%B1%B3%E8%A5%BF%E5%B2%B8%E8%BC%B8%E5%87%BA%20WK17-21%20%28JAPAN_NAWC%29%20WK22-25%20TO%20BE%20RELEASED%20ON%20May.1st%283%29.pdf,Tokyo,Los Angeles,2025-05-15,04/25 - 04/27,05/14,NYK VEGA,pending
2025-04-21T09:09:20.370332,https://www.shipmentlink.com/jp/tvs2/local_file/jptyo/JPTYO_OA01T06.pdf,Tokyo,Los Angeles,2025-05-15,05/04,05/16,NYK VEGA,pending
2025-04-21T09:15:24.266049,https://jp.one-line.com/sites/g/files/lnzjqr1401/files/schedules/2025-04/%E5%8C%97%E7%B1%B3%E8%A5%BF%E5%B2%B8%E8%BC%B8%E5%87%BA%20WK17-21%20%28JAPAN_NAWC%29%20WK22-25%20TO%20BE%20RELEASED%20ON%20May.1st%283%29.pdf,Tokyo,Los Angeles,2025-05-15,04/25 - 04/27,05/20,NYK VEGA,pending
2025-04-21T09:15:33.154408,https://www.shipmentlink.com/jp/tvs2/local_file/jptyo/JPTYO_OA01T06.pdf,Tokyo,Los Angeles,2025-05-15,04/29,05/16,NYK OCEANUS,pending
2025-04-21T09:18:57.162750,https://jp.one-line.com/sites/g/files/lnzjqr1401/files/schedules/2025-04/%E5%8C%97%E7%B1%B3%E8%A5%BF%E5%B2%B8%E8%BC%B8%E5%87%BA%20WK17-21%20%28JAPAN_NAWC%29%20WK22-25%20TO%20BE%20RELEASED%20ON%20May.1st%283%29.pdf,Tokyo,Los Angeles,2025-05-15,04/25 - 04/27,05/20,NYK VEGA,pending
2025-04-21T09:19:05.590922,https://www.shipmentlink.com/jp/tvs2/local_file/jptyo/JPTYO_OA01T06.pdf,Tokyo,Los Angeles,2025-05-15,05/04,05/16,NYK VEGA,pending
2025-04-21T09:24:07.925745,https://jp.one-line.com/sites/g/files/lnzjqr1401/files/schedules/2025-04/%E5%8C%97%E7%B1%B3%E8%A5%BF%E5%B2%B8%E8%BC%B8%E5%87%BA%20WK17-21%20%28JAPAN_NAWC%29%20WK22-25%20TO%20BE%20RELEASED%20ON%20May.1st%283%29.pdf,Tokyo,Los Angeles,2025-05-15,04/25 - 04/27,05/20,NYK VEGA,pending
2025-04-21T09:24:16.150840,https://www.shipmentlink.com/jp/tvs2/local_file/jptyo/JPTYO_OA01T06.pdf,Tokyo,Los Angeles,2025-05-15,05/02 - 05/04,05/16,NYK VEGA,pending
2025-04-21T09:41:25.745850,https://jp.one-line.com/sites/g/files/lnzjqr1401/files/schedules/2025-04/%E5%8C%97%E7%B1%B3%E8%A5%BF%E5%B2%B8%E8%BC%B8%E5%87%BA%20WK17-21%20%28JAPAN_NAWC%29%20WK22-25%20TO%20BE%20RELEASED%20ON%20May.1st%283%29.pdf,Tokyo,Los Angeles,2025-05-15,04/25 - 04/27,05/14,NYK VEGA,pending
2025-04-21T09:41:34.126925,https://www.shipmentlink.com/jp/tvs2/local_file/jptyo/JPTYO_OA01T06.pdf,Tokyo,Los Angeles,2025-05-15,05/04,05/16,NYK VEGA,pending
2025-04-21T09:57:26.991993,https://jp.one-line.com/sites/g/files/lnzjqr1401/files/schedules/2025-04/%E5%8C%97%E7%B1%B3%E8%A5%BF%E5%B2%B8%E8%BC%B8%E5%87%BA%20WK17-21%20%28JAPAN_NAWC%29%20WK22-25%20TO%20BE%20RELEASED%20ON%20May.1st%283%29.pdf,Tokyo,Los Angeles,2025-05-15,04/25 - 04/27,05/14,NYK VEGA,pending
2025-04-21T09:57:31.373704,https://www.shipmentlink.com/jp/tvs2/local_file/jptyo/JPTYO_OA01T06.pdf,Tokyo,Los Angeles,2025-05-15,05/04,05/16,NYK VEGA,pending
2025-04-21T10:10:07.925756,https://jp.one-line.com/sites/g/files/lnzjqr1401/files/schedules/2025-04/%E5%8C%97%E7%B1%B3%E8%A5%BF%E5%B2%B8%E8%BC%B8%E5%87%BA%20WK17-21%20%28JAPAN_NAWC%29%20WK22-25%20TO%20BE%20RELEASED%20ON%20May.1st%283%29.pdf,Tokyo,Los Angeles,2025-05-15,04/25 - 04/27,05/14,NYK VEGA,pending
2025-04-21T10:10:16.445688,https://www.shipmentlink.com/jp/tvs2/local_file/jptyo/JPTYO_OA01T06.pdf,Tokyo,Los Angeles,2025-05-15,05/04,05/16,NYK VEGA,pending
2025-04-21T10:17:05.449822,https://jp.one-line.com/sites/g/files/lnzjqr1401/files/schedules/2025-04/%E5%8C%97%E7%B1%B3%E8%A5%BF%E5%B2%B8%E8%BC%B8%E5%87%BA%20WK17-21%20%28JAPAN_NAWC%29%20WK22-25%20TO%20BE%20RELEASED%20ON%20May.1st%283%29.pdf,Tokyo,Los Angeles,2025-05-15,04/25 - 04/27,05/14,NYK VEGA,pending
2025-04-21T10:17:17.726940,https://www.shipmentlink.com/jp/tvs2/local_file/jptyo/JPTYO_OA01T06.pdf,Tokyo,Los Angeles,2025-05-15,04/29,05/16,NYK OCEANUS,pending
2025-04-21T10:32:38.696396,https://jp.one-line.com/sites/g/files/lnzjqr1401/files/schedules/2025-04/%E5%8C%97%E7%B1%B3%E8%A5%BF%E5%B2%B8%E8%BC%B8%E5%87%BA%20WK17-21%20%28JAPAN_NAWC%29%20WK22-25%20TO%20BE%20RELEASED%20ON%20May.1st%283%29.pdf,Tokyo,Los Angeles,2025-05-15,04/25 - 04/27,05/14,NYK VEGA,pending
2025-04-21T10:32:43.443891,https://www.shipmentlink.com/jp/tvs2/local_file/jptyo/JPTYO_OA01T06.pdf,Tokyo,Los Angeles,2025-05-15,05/04,05/16,NYK VEGA,pending
2025-04-21T10:44:47.164429,https://jp.one-line.com/sites/g/files/lnzjqr1401/files/schedules/2025-04/%E5%8C%97%E7%B1%B3%E8%A5%BF%E5%B2%B8%E8%BC%B8%E5%87%BA%20WK17-21%20%28JAPAN_NAWC%29%20WK22-25%20TO%20BE%20RELEASED%20ON%20May.1st%283%29.pdf,Tokyo,Los Angeles,2025-05-15,05/09 - 05/11,05/28,NO SERVICE,pending
2025-04-21T10:44:56.366652,https://www.shipmentlink.com/jp/tvs2/local_file/jptyo/JPTYO_OA01T06.pdf,Tokyo,Los Angeles,2025-05-15,04/29,05/16,NYK OCEANUS,pending
2025-04-21T11:01:15.415499,https://jp.one-line.com/sites/g/files/lnzjqr1401/files/schedules/2025-04/%E5%8C%97%E7%B1%B3%E8%A5%BF%E5%B2%B8%E8%BC%B8%E5%87%BA%20WK17-21%20%28JAPAN_NAWC%29%20WK22-25%20TO%20BE%20RELEASED%20ON%20May.1st%283%29.pdf,Tokyo,Los Angeles,2025-05-15,04/25 - 04/27,05/14,NYK VEGA,pending
2025-04-21T11:01:20.440933,https://www.shipmentlink.com/jp/tvs2/local_file/jptyo/JPTYO_OA01T06.pdf,Tokyo,Los Angeles,2025-05-15,04/29,05/16,NYK OCEANUS,pending
2025-04-21T11:07:05.132174,https://jp.one-line.com/sites/g/files/lnzjqr1401/files/schedules/2025-04/%E5%8C%97%E7%B1%B3%E8%A5%BF%E5%B2%B8%E8%BC%B8%E5%87%BA%20WK17-21%20%28JAPAN_NAWC%29%20WK22-25%20TO%20BE%20RELEASED%20ON%20May.1st%283%29.pdf,Tokyo,Los Angeles,2025-05-15,04/25 - 04/27,05/20,NYK VEGA,pending
2025-04-21T11:07:30.334437,https://world.lines.coscoshipping.com/statics/sites/main/local/japan/jp/services/localschedule/Documents/輸出　北米・南米・豪州・地中海/EXP_USA.pdf,Tokyo,Los Angeles,2025-05-15,5/13,5/18,NYK OCEANUS,pending
2025-04-21T11:07:35.559407,https://www.shipmentlink.com/jp/tvs2/local_file/jptyo/JPTYO_OA01T06.pdf,Tokyo,Los Angeles,2025-05-15,05/11,05/16,NYK OCEANUS,pending
2025-04-21T11:08:10.326490,https://jp.one-line.com/sites/g/files/lnzjqr1401/files/schedules/2025-04/%E6%9D%B1%E3%82%A2%E3%82%B8%E3%82%A2%E8%BC%B8%E5%87%BA%E2%91%A0%20%28SG_MY_ID_CN_HK%29_0411.pdf,Tokyo,Shanghai,2025-05-15,05/15 - 05/16,05/22,VOLANS,pending
2025-04-21T11:08:20.252514,https://world.lines.coscoshipping.com/statics/sites/main/local/japan/jp/services/localschedule/Documents/輸出　中国航路/exp_sha_chanjiang_1.pdf,Tokyo,Shanghai,2025-05-15,5/11 - 5/11,5/15,SNL NANJING,pending
2025-04-21T11:08:23.768475,https://www.kinka-agency.com//images/news/165.pdf?tm=20250421110907,Tokyo,Shanghai,2025-05-15,5/12-13,5/15,GLORY GUANDONG,pending
2025-04-21T11:08:28.472716,https://www.shipmentlink.com/jp/tvs2/local_file/jptyo/JPTYO_OA08T02.pdf,Tokyo,Shanghai,2025-05-15,05/08 - 05/09,05/15,EVER CLEAR,pending
2025-04-21T11:13:44.195390,https://jp.one-line.com/sites/g/files/lnzjqr1401/files/schedules/2025-04/%E6%9D%B1%E3%82%A2%E3%82%B8%E3%82%A2%E8%BC%B8%E5%87%BA%E2%91%A0%20%28SG_MY_ID_CN_HK%29_0411.pdf,Tokyo,Shanghai,2025-05-15,05/15 - 05/16,05/22,VOLANS,pending
2025-04-21T11:13:59.609526,https://world.lines.coscoshipping.com/statics/sites/main/local/japan/jp/services/localschedule/Documents/輸出　中国航路/exp_sha_chanjiang_1.pdf,Tokyo,Shanghai,2025-05-15,5/11 - 5/12,5/15,SNL NANJING,pending
2025-04-21T11:14:03.078138,https://www.kinka-agency.com//images/news/165.pdf?tm=20250421111447,Tokyo,Shanghai,2025-05-15,5/9,5/15,GLORY GUANDONG,pending
2025-04-21T11:14:09.299404,https://www.shipmentlink.com/jp/tvs2/local_file/jptyo/JPTYO_OA08T02.pdf,Tokyo,Shanghai,2025-05-15,05/09,05/15,EVER CLEAR,pending
2025-04-22T13:57:28.145840,https://jp.one-line.com/sites/g/files/lnzjqr1401/files/schedules/2025-04/%E6%9D%B1%E3%82%A2%E3%82%B8%E3%82%A2%E8%BC%B8%E5%87%BA%E2%91%A0%20%28SG_MY_ID_CN_HK%29_0422.pdf,Tokyo,Shanghai,2025-04-30,04/26,04/30,BRIGHT SAKURA,pending
2025-04-22T13:57:48.497549,https://world.lines.coscoshipping.com/statics/sites/main/local/japan/jp/services/localschedule/Documents/輸出　中国航路/exp_sha_chanjiang_1.pdf,Tokyo,Shanghai,2025-04-30,04/29 - 04/30,05/02,QING YUN HE,pending
2025-04-22T13:57:55.581270,https://www.kinka-agency.com//images/news/165.pdf?tm=20250422225846,Tokyo,Shanghai,2025-04-30,4/30,5/3,MILD TUNE,pending
2025-04-22T13:57:59.759887,https://www.shipmentlink.com/jp/tvs2/local_file/jptyo/JPTYO_OA08T02.pdf,Tokyo,Shanghai,2025-04-30,04/28,04/30,EVER CERTAIN,pending
2025-04-23T11:01:12.395448,https://jp.one-line.com/sites/g/files/lnzjqr1401/files/schedules/2025-04/%E6%9D%B1%E3%82%A2%E3%82%B8%E3%82%A2%E8%BC%B8%E5%87%BA%E2%91%A0%20%28SG_MY_ID_CN_HK%29_0422.pdf,Tokyo,Shanghai,2025-05-15,05/15,05/17,VOLANS,pending
2025-04-23T11:01:45.365115,https://world.lines.coscoshipping.com/statics/sites/main/local/japan/jp/services/localschedule/Documents/輸出　中国航路/exp_sha_chanjiang_1.pdf,Tokyo,Shanghai,2025-05-15,5/14 - 5/15,5/17,SNL NANJING,pending
2025-04-23T11:01:50.095878,https://www.kinka-agency.com//images/news/165.pdf?tm=20250423110147,Tokyo,Shanghai,2025-05-15,5/9,5/15,GLORY GUANDONG,pending
2025-04-23T11:01:56.043806,https://www.shipmentlink.com/jp/tvs2/local_file/jptyo/JPTYO_OA08T02.pdf,Tokyo,Shanghai,2025-05-15,05/08 - 05/09,05/15,EVER CLEAR,pending
2025-05-09T20:13:52.040806,https://jp.one-line.com/sites/g/files/lnzjqr1401/files/schedules/2025-05/%E6%9D%B1%E3%82%A2%E3%82%B8%E3%82%A2%E8%BC%B8%E5%87%BA%E2%91%A0%20%28SG_MY_ID_CN_HK%29_0508.pdf,Tokyo,Shanghai,2025-05-30,05/29 - 05/30,05/31,MSK GSL KITHIRA,pending
2025-05-09T20:14:01.259006,https://www.kinka-agency.com//images/news/165.pdf?tm=20250509201357,Tokyo,Shanghai,2025-05-30,05/30,06/02,GLORY ZHENDONG,pending
2025-05-09T20:14:07.533039,https://www.shipmentlink.com/jp/tvs2/local_file/jptyo/JPTYO_OA08T02.pdf,Tokyo,Shanghai,2025-05-30,05/30,06/01,EVER CERTAIN,pending
2025-05-09T20:50:19.358736,https://jp.one-line.com/sites/g/files/lnzjqr1401/files/schedules/2025-05/%E6%9D%B1%E3%82%A2%E3%82%B8%E3%82%A2%E8%BC%B8%E5%87%BA%E2%91%A0%20%28SG_MY_ID_CN_HK%29_0508.pdf,Tokyo,Shanghai,2025-05-30,05/30,06/07,INTERASIA TRANSCEND,pending
2025-05-09T20:50:51.033193,https://www.kinka-agency.com//images/news/165.pdf?tm=20250509205049,Tokyo,Shanghai,2025-05-30,5/30,6/2,GLORY ZHENDONG,pending
2025-05-09T20:50:57.531335,https://www.shipmentlink.com/jp/tvs2/local_file/jptyo/JPTYO_OA08T02.pdf,Tokyo,Shanghai,2025-05-30,05/30,06/04,EVER BREED,pending
2025-05-09T20:52:31.640019,https://jp.one-line.com/sites/g/files/lnzjqr1401/files/schedules/2025-05/%E6%9D%B1%E3%82%A2%E3%82%B8%E3%82%A2%E8%BC%B8%E5%87%BA%E2%91%A0%20%28SG_MY_ID_CN_HK%29_0508.pdf,Tokyo,Shanghai,2025-05-30,05/30,05/31,NYK VIRGO,pending
2025-05-09T20:52:43.409566,https://www.kinka-agency.com//images/news/165.pdf?tm=20250509205240,Tokyo,Shanghai,2025-05-30,5/30,6/2,GLORY ZHENDONG,pending
2025-05-09T20:52:49.358511,https://www.shipmentlink.com/jp/tvs2/local_file/jptyo/JPTYO_OA08T02.pdf,Tokyo,Shanghai,2025-05-30,05/30,06/01,EVER CERTAIN,pending
2025-05-09T21:06:04.342008,https://jp.one-line.com/sites/g/files/lnzjqr1401/files/schedules/2025-05/%E6%9D%B1%E3%82%A2%E3%82%B8%E3%82%A2%E8%BC%B8%E5%87%BA%E2%91%A0%20%28SG_MY_ID_CN_HK%29_0508.pdf,Tokyo,Shanghai,2025-05-30,05/30,06/07,WAN HAI 372,pending
2025-05-09T21:06:21.110941,https://www.kinka-agency.com//images/news/165.pdf?tm=20250509210617,Tokyo,Shanghai,2025-05-30,05/30,06/02,GLORY ZHENDONG,pending
2025-05-09T21:06:27.429155,https://www.shipmentlink.com/jp/tvs2/local_file/jptyo/JPTYO_OA08T02.pdf,Tokyo,Shanghai,2025-05-30,05/30,06/01,EVER CERTAIN,pending
2025-05-09T21:24:25.209824,https://jp.one-line.com/sites/g/files/lnzjqr1401/files/schedules/2025-05/%E6%9D%B1%E3%82%A2%E3%82%B8%E3%82%A2%E8%BC%B8%E5%87%BA%E2%91%A0%20%28SG_MY_ID_CN_HK%29_0508.pdf,Tokyo,Shanghai,2025-05-30,05/30,06/07,INTERASIA TRANSCEND,pending
2025-05-09T21:24:34.612036,https://www.kinka-agency.com//images/news/165.pdf?tm=20250509212431,Tokyo,Shanghai,2025-05-30,5/30,6/2,GLORY ZHENDONG,pending
2025-05-09T21:24:43.364439,https://www.shipmentlink.com/jp/tvs2/local_file/jptyo/JPTYO_OA08T02.pdf,Tokyo,Shanghai,2025-05-30,05/30,06/01,EVER CERTAIN,pending
2025-05-09T21:32:19.642054,https://jp.one-line.com/sites/g/files/lnzjqr1401/files/schedules/2025-05/%E6%9D%B1%E3%82%A2%E3%82%B8%E3%82%A2%E8%BC%B8%E5%87%BA%E2%91%A0%20%28SG_MY_ID_CN_HK%29_0508.pdf,Tokyo,Shanghai,2025-05-30,05/31 - 06/01,06/02,ACX DIAMOND,pending
2025-05-09T21:32:42.456514,https://www.kinka-agency.com//images/news/165.pdf?tm=20250509213240,Tokyo,Shanghai,2025-05-30,5/30,6/2,GLORY ZHENDONG,pending
2025-05-09T21:32:49.242317,https://www.shipmentlink.com/jp/tvs2/local_file/jptyo/JPTYO_OA08T02.pdf,Tokyo,Shanghai,2025-05-30,05/30,06/01,EVER CERTAIN,pending
2025-05-09T21:33:56.544127,https://jp.one-line.com/sites/g/files/lnzjqr1401/files/schedules/2025-05/%E6%9D%B1%E3%82%A2%E3%82%B8%E3%82%A2%E8%BC%B8%E5%87%BA%E2%91%A0%20%28SG_MY_ID_CN_HK%29_0508.pdf,Tokyo,Shanghai,2025-05-30,05/26 - 05/27,05/31,WAN HAI 372,pending
2025-05-09T21:34:12.518256,https://www.kinka-agency.com//images/news/165.pdf?tm=20250509213410,Tokyo,Shanghai,2025-05-30,05/30,06/02,GLORY ZHENDONG,pending
2025-05-09T21:34:19.722720,https://www.shipmentlink.com/jp/tvs2/local_file/jptyo/JPTYO_OA08T02.pdf,Tokyo,Shanghai,2025-05-30,05/30,06/01,EVER CERTAIN,pending
2025-05-09T21:34:34.363289,https://jp.one-line.com/sites/g/files/lnzjqr1401/files/schedules/2025-05/%E6%9D%B1%E3%82%A2%E3%82%B8%E3%82%A2%E8%BC%B8%E5%87%BA%E2%91%A0%20%28SG_MY_ID_CN_HK%29_0508.pdf,Tokyo,Shanghai,2025-05-30,05/30,05/31,WAN HAI 372,pending
2025-05-09T21:34:42.742668,https://www.kinka-agency.com//images/news/165.pdf?tm=20250509213440,Tokyo,Shanghai,2025-05-30,05/30,06/02,GLORY ZHENDONG,pending
2025-05-09T21:34:49.278408,https://www.shipmentlink.com/jp/tvs2/local_file/jptyo/JPTYO_OA08T02.pdf,Tokyo,Shanghai,2025-05-30,05/30,05/31,EVER CERTAIN,pending
2025-05-09T21:43:10.855178,https://jp.one-line.com/sites/g/files/lnzjqr1401/files/schedules/2025-05/%E6%9D%B1%E3%82%A2%E3%82%B8%E3%82%A2%E8%BC%B8%E5%87%BA%E2%91%A0%20%28SG_MY_ID_CN_HK%29_0508.pdf,Tokyo,Shanghai,2025-05-30,05/30,05/31,NYK VIRGO,pending
2025-05-09T21:43:27.178481,https://www.kinka-agency.com//images/news/165.pdf?tm=20250509214324,Tokyo,Shanghai,2025-05-30,5/30,6/2,GLORY ZHENDONG,pending
2025-05-09T21:43:34.085043,https://www.shipmentlink.com/jp/tvs2/local_file/jptyo/JPTYO_OA08T02.pdf,Tokyo,Shanghai,2025-05-30,05/30,06/04,EVER BREED,pending
2025-05-09T21:50:13.699496,https://jp.one-line.com/sites/g/files/lnzjqr1401/files/schedules/2025-05/%E6%9D%B1%E3%82%A2%E3%82%B8%E3%82%A2%E8%BC%B8%E5%87%BA%E2%91%A0%20%28SG_MY_ID_CN_HK%29_0508.pdf,Tokyo,Shanghai,2025-05-30,05/30 - 05/31,05/31,WAN HAI 372,pending
2025-05-09T21:50:30.158068,https://www.kinka-agency.com//images/news/165.pdf?tm=20250509215028,Tokyo,Shanghai,2025-05-30,5/30,6/2,GLORY ZHENDONG,pending
2025-05-09T21:50:38.352772,https://www.shipmentlink.com/jp/tvs2/local_file/jptyo/JPTYO_OA08T02.pdf,Tokyo,Shanghai,2025-05-30,05/30,06/01,EVER CERTAIN,pending
2025-05-10T12:13:05.062518,https://jp.one-line.com/sites/g/files/lnzjqr1401/files/schedules/2025-05/%E6%9D%B1%E3%82%A2%E3%82%B8%E3%82%A2%E8%BC%B8%E5%87%BA%E2%91%A0%20%28SG_MY_ID_CN_HK%29_0508.pdf,Tokyo,Shanghai,2025-05-30,05/31 - 06/01,06/02,ACX DIAMOND,pending
2025-05-10T12:13:12.647987,https://world.lines.coscoshipping.com/lines_resource/local/japan/defaultContentAttachment/20250507/exp_sha_chanjiang_1.pdf,Tokyo,Shanghai,2025-05-30,05/28 - 05/29,05/30,SNL NANJING,pending
2025-05-10T12:13:17.658564,https://www.kinka-agency.com//images/news/165.pdf?tm=20250510121319,Tokyo,Shanghai,2025-05-30,05/30,06/02,GLORY ZHENDONG,pending
2025-05-10T12:13:24.796441,https://www.shipmentlink.com/jp/tvs2/local_file/jptyo/JPTYO_OA08T02.pdf,Tokyo,Shanghai,2025-05-30,05/30,06/01,EVER CERTAIN,pending
